{"gene2heat": {"ENSG00000134954": 0.0294, "ENSG00000172115": 0.0198, "ENSG00000196415": 0.0669803020276, "ENSG00000130054": 0.016548, "ENSG00000125538": 0.0376315888889, "ENSG00000177575": 0.015522, "ENSG00000178562": 0.0581452358122, "ENSG00000110104": 0.1147756861, "ENSG00000154928": 0.020457, "ENSG00000239732": 0.0413035, "ENSG00000103855": 0.028762, "ENSG00000168329": 0.0297, "ENSG00000091831": 0.0164, "ENSG00000134242": 0.039592, "ENSG00000114013": 0.733903416667, "ENSG00000006210": 0.03762, "ENSG00000169245": 0.01404, "ENSG00000084110": 0.008022, "ENSG00000183434": 0.00796, "ENSG00000125571": 0.028, "ENSG00000010610": 0.0541767767183, "ENSG00000162711": 0.019482, "ENSG00000186442": 0.0288, "ENSG00000092421": 0.199125761533, "ENSG00000136689": 0.0156, "ENSG00000012124": 0.014184, "ENSG00000106366": 0.023064, "ENSG00000116678": 0.030096, "ENSG00000135679": 0.03, "ENSG00000137496": 0.038018, "ENSG00000102189": 0.017512, "ENSG00000006606": 0.0164725, "ENSG00000013364": 0.015048, "ENSG00000150637": 0.03148, "ENSG00000113525": 0.0144, "ENSG00000113520": 0.019621, "ENSG00000213809": 0.0393155, "ENSG00000108342": 0.03832, "ENSG00000113249": 0.0195, "ENSG00000007171": 0.016318, "ENSG00000164136": 0.036815, "ENSG00000183813": 0.076464, "ENSG00000117601": 0.014256, "ENSG00000261371": 0.014972, "ENSG00000147168": 0.2, "ENSG00000204231": 0.0361555, "ENSG00000102970": 0.010746, "ENSG00000159640": 0.0333525, "ENSG00000100385": 0.2, "ENSG00000185946": 0.014328, "ENSG00000091583": 0.014184, "ENSG00000080618": 0.0195, "ENSG00000151882": 0.017512, "ENSG00000136869": 0.01584, "ENSG00000223865": 0.318081027778, "ENSG00000119899": 0.014328, "ENSG00000173171": 0.02497, "ENSG00000102575": 0.03383, "ENSG00000232810": 0.264363335012, "ENSG00000005381": 0.06247772756, "ENSG00000136807": 0.020455, "ENSG00000177257": 0.0292, "ENSG00000172458": 0.032258, "ENSG00000136634": 0.0483543847506, "ENSG00000157005": 0.01443, "ENSG00000178035": 1.0, "ENSG00000169429": 0.0406480383333, "ENSG00000112715": 0.0401065555556, "ENSG00000179218": 0.028116, "ENSG00000128604": 0.028656, "ENSG00000197561": 0.0213512222222, "ENSG00000265681": 0.032, "ENSG00000100312": 0.0414897477551, "ENSG00000101158": 0.01404, "ENSG00000160791": 0.04559025, "ENSG00000144381": 0.014256, "ENSG00000240972": 0.028258, "ENSG00000149131": 0.014256, "ENSG00000174697": 0.015366, "ENSG00000173432": 0.0215885, "ENSG00000162692": 0.0413011870975, "ENSG00000179583": 0.014896, "ENSG00000081237": 0.014652, "ENSG00000078401": 0.0284, "ENSG00000138378": 0.015054, "ENSG00000112486": 0.070616, "ENSG00000126353": 0.024444, "ENSG00000132693": 0.0525535833333, "ENSG00000134460": 0.2, "ENSG00000101000": 0.032162, "ENSG00000132510": 0.025344, "ENSG00000188404": 0.0296, "ENSG00000099953": 0.02364, "ENSG00000102245": 0.02028, "ENSG00000021355": 0.031442, "ENSG00000117525": 0.014328, "ENSG00000122194": 0.0195, "ENSG00000163599": 0.06452, "ENSG00000186951": 0.030492, "ENSG00000105329": 0.025542, "ENSG00000108468": 0.009108, "ENSG00000100448": 0.0344, "ENSG00000183625": 0.026686, "ENSG00000008517": 0.045237, "ENSG00000169442": 0.0148, "ENSG00000142149": 0.0357502511111, "ENSG00000228716": 1.0, "ENSG00000178726": 0.0459611111111, "ENSG00000017427": 0.041685, "ENSG00000137033": 0.021168, "ENSG00000164867": 0.01592, "ENSG00000080986": 0.014726, "ENSG00000124107": 0.0184, "ENSG00000136244": 0.0525564055556, "ENSG00000186891": 0.0296, "ENSG00000156234": 0.014184, "ENSG00000104320": 0.014652, "ENSG00000132170": 0.022968, "ENSG00000007908": 0.0497495611111, "ENSG00000106348": 1.0, "ENSG00000155636": 0.015522, "ENSG00000120949": 0.03782, "ENSG00000138684": 0.073304, "ENSG00000134551": 0.014112, "ENSG00000049540": 0.0190455555556, "ENSG00000012223": 0.031284, "ENSG00000185070": 0.018308, "ENSG00000106078": 0.1096180388, "ENSG00000188389": 0.0156, "ENSG00000121594": 0.73333675, "ENSG00000152102": 0.0144, "ENSG00000125637": 0.015124, "ENSG00000110799": 0.0424565, "ENSG00000168477": 0.018124, "ENSG00000143375": 0.015048, "ENSG00000162747": 0.034006, "ENSG00000197635": 0.028656, "ENSG00000112115": 0.036766, "ENSG00000169397": 0.02346, "ENSG00000143839": 0.0186, "ENSG00000164400": 0.027246, "ENSG00000111537": 0.04224621, "ENSG00000109861": 0.028512, "ENSG00000204936": 0.0383651111111, "ENSG00000137462": 0.0423085, "ENSG00000177455": 0.0350705, "ENSG00000129187": 0.0976423527, "ENSG00000047457": 0.020988, "ENSG00000146648": 0.0152865, "ENSG00000134539": 0.014328, "ENSG00000091704": 0.01372, "ENSG00000134531": 0.022567, "ENSG00000152266": 0.018308, "ENSG00000167207": 0.01584, "ENSG00000010438": 0.014184, "ENSG00000128059": 1.0, "ENSG00000104432": 0.02786, "ENSG00000103313": 0.014256, "ENSG00000129221": 0.1147756861, "ENSG00000182985": 0.04006, "ENSG00000115414": 0.014184, "ENSG00000137364": 0.016072, "ENSG00000197943": 0.024676, "ENSG00000090339": 0.0539935400306, "ENSG00000170458": 0.017424, "ENSG00000092969": 0.014256, "ENSG00000170615": 0.036866, "ENSG00000109072": 0.014184, "ENSG00000102524": 0.040291375, "ENSG00000109471": 0.0489776556502, "ENSG00000204397": 0.0194, "ENSG00000164251": 0.017424, "ENSG00000160255": 0.01584, "ENSG00000113580": 1.0, "ENSG00000197249": 0.0518891811359, "ENSG00000156738": 1.0, "ENSG00000150782": 0.0238585, "ENSG00000154640": 0.008232, "ENSG00000143184": 0.032636, "ENSG00000169418": 0.0226160277778, "ENSG00000189403": 0.021034, "ENSG00000106100": 0.020488, "ENSG00000149968": 0.014184}, "subnetworks": {"0": [{"nodes": [{"name": "ENSG00000109471", "value": 0.0489776556502}, {"name": "ENSG00000100385", "value": 0.2}, {"name": "ENSG00000134460", "value": 0.2}, {"name": "ENSG00000164136", "value": 0.036815}, {"name": "ENSG00000113520", "value": 0.019621}, {"name": "ENSG00000138684", "value": 0.073304}, {"name": "ENSG00000104432", "value": 0.02786}, {"name": "ENSG00000147168", "value": 0.2}], "edges": [{"source": "ENSG00000100385", "target": "ENSG00000109471", "categories": ["omnipath"]}, {"source": "ENSG00000109471", "target": "ENSG00000134460", "categories": ["omnipath"]}, {"source": "ENSG00000109471", "target": "ENSG00000147168", "categories": ["omnipath"]}, {"source": "ENSG00000100385", "target": "ENSG00000134460", "categories": ["omnipath"]}, {"source": "ENSG00000100385", "target": "ENSG00000164136", "categories": ["omnipath"]}, {"source": "ENSG00000100385", "target": "ENSG00000147168", "categories": ["omnipath"]}, {"source": "ENSG00000134460", "target": "ENSG00000147168", "categories": ["omnipath"]}, {"source": "ENSG00000147168", "target": "ENSG00000164136", "categories": ["omnipath"]}, {"source": "ENSG00000113520", "target": "ENSG00000147168", "categories": ["omnipath"]}, {"source": "ENSG00000138684", "target": "ENSG00000147168", "categories": ["omnipath"]}, {"source": "ENSG00000104432", "target": "ENSG00000147168", "categories": ["omnipath"]}]}, {"nodes": [{"name": "ENSG00000137496", "value": 0.038018}, {"name": "ENSG00000196415", "value": 0.0669803020276}, {"name": "ENSG00000149968", "value": 0.014184}, {"name": "ENSG00000049540", "value": 0.0190455555556}, {"name": "ENSG00000100448", "value": 0.0344}, {"name": "ENSG00000008517", "value": 0.045237}, {"name": "ENSG00000169429", "value": 0.0406480383333}, {"name": "ENSG00000099953", "value": 0.02364}, {"name": "ENSG00000164251", "value": 0.017424}, {"name": "ENSG00000197561", "value": 0.0213512222222}, {"name": "ENSG00000137033", "value": 0.021168}, {"name": "ENSG00000197249", "value": 0.0518891811359}, {"name": "ENSG00000124107", "value": 0.0184}, {"name": "ENSG00000010438", "value": 0.014184}, {"name": "ENSG00000021355", "value": 0.031442}, {"name": "ENSG00000106366", "value": 0.023064}, {"name": "ENSG00000150782", "value": 0.0238585}], "edges": [{"source": "ENSG00000137496", "target": "ENSG00000150782", "categories": ["omnipath"]}, {"source": "ENSG00000049540", "target": "ENSG00000196415", "categories": ["omnipath"]}, {"source": "ENSG00000008517", "target": "ENSG00000196415", "categories": ["omnipath"]}, {"source": "ENSG00000137033", "target": "ENSG00000196415",