{"gene2heat": {"ENSG00000198793": 0.0486225479641, "ENSG00000254647": 0.145011429334, "ENSG00000256269": 0.0158190111111, "ENSG00000061918": 0.125, "ENSG00000132639": 0.014256, "ENSG00000185499": 0.025853, "ENSG00000197386": 0.00792, "ENSG00000088832": 0.1, "ENSG00000163719": 0.004704, "ENSG00000185652": 0.0144, "ENSG00000136869": 0.019221, "ENSG00000134363": 0.0388584888889, "ENSG00000111669": 0.0212, "ENSG00000108691": 0.02167, "ENSG00000150995": 0.010348, "ENSG00000121691": 0.031126, "ENSG00000102265": 0.00591, "ENSG00000122194": 0.010088, "ENSG00000117594": 0.0341285, "ENSG00000156709": 0.034496, "ENSG00000162711": 0.037014, "ENSG00000004139": 0.037602083968, "ENSG00000116176": 0.012608, "ENSG00000135775": 0.02, "ENSG00000106366": 0.0333084444444, "ENSG00000116678": 0.00591, "ENSG00000148187": 0.0144, "ENSG00000104368": 0.025326, "ENSG00000121853": 0.018215, "ENSG00000121989": 0.014112, "ENSG00000166147": 0.008358, "ENSG00000142871": 0.01791, "ENSG00000113520": 0.008668, "ENSG00000159208": 0.0144, "ENSG00000125538": 0.0228445, "ENSG00000105550": 0.006272, "ENSG00000178802": 0.020928, "ENSG00000079999": 0.0144, "ENSG00000007171": 0.039794, "ENSG00000070404": 0.017313, "ENSG00000105974": 0.0608, "ENSG00000164305": 0.014896, "ENSG00000164136": 0.0580345533333, "ENSG00000118271": 0.020457, "ENSG00000177000": 0.016716, "ENSG00000242689": 0.01592, "ENSG00000134812": 0.0187442222222, "ENSG00000108823": 0.0397862753288, "ENSG00000130513": 0.015522, "ENSG00000101439": 0.0289370844444, "ENSG00000159640": 0.0475049742744, "ENSG00000165731": 0.0441877777778, "ENSG00000142611": 0.011032, "ENSG00000185946": 0.004, "ENSG00000100380": 0.12244193148, "ENSG00000133116": 0.0256791622222, "ENSG00000166228": 0.017424, "ENSG00000147573": 0.0099, "ENSG00000174697": 0.0854596376077, "ENSG00000232810": 0.0933160825827, "ENSG00000113140": 0.0132, "ENSG00000188807": 0.0163, "ENSG00000136807": 0.016378, "ENSG00000142168": 0.008274, "ENSG00000144891": 0.2, "ENSG00000157005": 0.0148, "ENSG00000169429": 0.0152, "ENSG00000172115": 0.008358, "ENSG00000030304": 0.007524, "ENSG00000064651": 0.015444, "ENSG00000132507": 0.0112, "ENSG00000112658": 0.019336, "ENSG00000158258": 0.015522, "ENSG00000197745": 0.0112, "ENSG00000188157": 0.0770518048523, "ENSG00000115514": 0.00796, "ENSG00000145354": 0.012352, "ENSG00000101335": 0.016, "ENSG00000145192": 0.022572, "ENSG00000139437": 0.014328, "ENSG00000105723": 0.0038, "ENSG00000143799": 0.0336, "ENSG00000156970": 0.012608, "ENSG00000031698": 0.00398, "ENSG00000096717": 0.021492, "ENSG00000196588": 0.01638, "ENSG00000126351": 0.028, "ENSG00000132906": 0.014504, "ENSG00000138379": 0.0878033300544, "ENSG00000125845": 0.013068, "ENSG00000118523": 0.014328, "ENSG00000132693": 0.0295542078864, "ENSG00000141510": 0.039006, "ENSG00000184557": 0.028178, "ENSG00000164116": 0.125, "ENSG00000248746": 0.0832371111111, "ENSG00000146166": 0.0196, "ENSG00000133216": 0.012338, "ENSG00000114739": 0.272222222222, "ENSG00000135486": 0.00394, "ENSG00000169359": 0.010244, "ENSG00000138823": 0.016318, "ENSG00000017427": 0.038535395051, "ENSG00000100842": 0.026532, "ENSG00000162344": 0.017028, "ENSG00000135821": 0.0148, "ENSG00000138100": 0.00398, "ENSG00000112964": 0.203667, "ENSG00000105329": 0.017721, "ENSG00000139780": 0.028258, "ENSG00000099991": 0.014328, "ENSG00000049167": 0.0259476805556, "ENSG00000196218": 0.00358, "ENSG00000108813": 0.014282, "ENSG00000079435": 0.00398, "ENSG00000091831": 0.0196, "ENSG00000119899": 0.016716, "ENSG00000138744": 0.036, "ENSG00000164867": 0.00384, "ENSG00000109819": 0.0444878641675, "ENSG00000136244": 0.100977594717, "ENSG00000111424": 0.149474503472, "ENSG00000106113": 0.016, "ENSG00000166311": 0.26806995555, "ENSG00000138722": 0.007562, "ENSG00000004779": 0.007641, "ENSG00000152266": 0.042101, "ENSG00000104899": 0.0144, "ENSG00000259384": 0.0484762033936, "ENSG00000205361": 0.014726, "ENSG00000108443": 0.0148, "ENSG00000138207": 0.0152, "ENSG00000064012": 0.014504, "ENSG00000165168": 0.01182, "ENSG00000198053": 0.080388, "ENSG00000108064": 0.014328, "ENSG00000153113": 0.014328, "ENSG00000136859": 0.016318, "ENSG00000089250": 0.015686, "ENSG00000011485": 0.04378, "ENSG00000158125": 1.0, "ENSG00000164879": 0.0144, "ENSG00000136237": 0.0212325, "ENSG00000166949": 0.012796, "ENSG00000197635": 0.03, "ENSG00000163631": 0.0315712555931, "ENSG00000108840": 0.006664, "ENSG00000123201": 0.125, "ENSG00000131473": 0.014256, "ENSG00000143839": 0.0454875, "ENSG00000148053": 0.03027, "ENSG00000086205": 0.0189, "ENSG00000120129": 0.040013, "ENSG00000121741": 0.034, "ENSG00000226306": 0.0156, "ENSG00000109163": 0.7, "ENSG00000121807": 0.0184, "ENSG00000101986": 0.072468, "ENSG00000013725": 0.0227, "ENSG00000138434": 0.015124, "ENSG00000146678": 0.016464, "ENSG00000135414": 0.0184, "ENSG00000152402": 0.125, "ENSG00000156804": 0.0451414339285, "ENSG00000100299": 0.023464, "ENSG00000106809": 0.0168, "ENSG00000142208": 0.015054, "ENSG00000204389": 0.0148, "ENSG00000068024": 0.008624, "ENSG00000106211": 0.006766, "ENSG00000101846": 0.0188, "ENSG00000125378": 0.016236, "ENSG00000124920": 0.0200443333333, "ENSG00000137752": 0.015522, "ENSG00000161533": 0.0116, "ENSG00000196136": 0.014256, "ENSG00000171105": 0.1050235, "ENSG00000115008": 0.014504, "ENSG00000171100": 0.00796, "ENSG00000147437": 0.014256, "ENSG00000248099": 0.015522, "ENSG00000134294": 0.0148, "ENSG00000150907": 0.0207915, "ENSG00000185359": 0.0967650883333, "ENSG00000184481": 0.014652, "ENSG00000176697": 0.025472, "ENSG00000169083": 1.0, "ENSG00000164099": 0.0359670619898, "ENSG00000158022": 0.0445767730197, "ENSG00000109471": 0.022572, "ENSG00000087088": 0.014504, "ENSG00000113580": 0.006766, "ENSG00000152601": 0.009108, "ENSG00000145016": 0.006698, "ENSG00000198836": 0.012152, "ENSG00000167670": 0.0170925, "ENSG00000101608": 0.0164, "ENSG00000035862": 0.017512, "ENSG00000171611": 0.0164, "ENSG00000163956": 0.015048, "ENSG00000105388": 0.059726, "ENSG00000180210": 0.014328, "ENSG00000129214": 0.040392}, "subnetworks": {"0": [{"nodes": [{"name": "ENSG00000163631", "value": 0.0315712555931}, {"name": "ENSG00000104368", "value": 0.025326}, {"name": "ENSG00000134812", "value": 0.0187442222222}, {"name": "ENSG00000180210", "value": 0.014328}, {"name": "ENSG00000118271", "value": 0.020457}, {"name": "ENSG00000138207", "value": 0.0152}, {"name": "ENSG00000106366", "value": 0.0333084444444}], "edges": [{"source": "ENSG00000138207", "target": "ENSG00000163631", "categories": ["omnipath"]}, {"source": "ENSG00000104368", "target": "ENSG00000106366", "categories": ["omnipath"]}, {"source": "ENSG00000106366", "target": "ENSG00000180210", "categories": ["omnipath"]}, {"source": "ENSG00000118271", "target": "ENSG00000138207", "categories": ["omnipath"]}]}, {"nodes": [{"name": "ENSG00000159640", "value": 0.0475049742744}, {"name": "ENSG00000165731", "value": 0.0441877777778}, {"name": "ENSG00000254647", "value": 0.145011429334}, {"name": "ENSG00000150907", "value": 0.0207915}, {"name": "ENSG00000102265", "value": 0.00591}, {"name": "ENSG00000133116", "value": 0.0256791622222}, {"name": "ENSG00000143839", "value": 0.0454875}, {"name": "ENSG00000132639", "value": 0.014256}, {"name": "ENSG00000121989", "value": 0.014112}, {"name": "ENSG00000259384", "value": 0.0484762033936}, {"name": "ENSG00000088832", "value": 0.1}, {"name": "ENSG00000109163", "value": 0.7}, {"name": "ENSG00000198793", "value": 0.0486225479641}, {"name": "ENSG00000136869", "value": 0.019221}, {"name": "ENSG00000134363", "value": 0.0388584888889}, {"name": "ENSG00000112964", "value": 0.203667}, {"name": "ENSG00000105329", "value": 0.017721}, {"name": "ENSG00000113140", "value": 0.0132}, {"name": "ENSG00000135414", "value": 0.0184}, {"name": "ENSG00000144891", "value": 0.2}, {"name": "ENSG00000184481", "value": 0.014652}, {"name": "ENSG00000100380", "value": 0.12244193148}, {"name": "ENSG00000111424", "value": 0.149474503472}, {"name": "ENSG00000169083", "value": 1.0}, {"name": "ENSG00000017427",