{"gene2heat": {"ENSG00000196415": 0.00394, "ENSG00000185499": 0.014896, "ENSG00000105369": 0.02786, "ENSG00000138385": 0.0303248463114, "ENSG00000254647": 0.00663, "ENSG00000108691": 0.044811, "ENSG00000169248": 0.0580614861111, "ENSG00000019991": 0.018424, "ENSG00000114013": 0.015366, "ENSG00000134551": 0.019468, "ENSG00000169245": 0.0686298361192, "ENSG00000124920": 0.0192, "ENSG00000010610": 0.028116, "ENSG00000156234": 0.032636, "ENSG00000117601": 0.01176, "ENSG00000116679": 0.014328, "ENSG00000113525": 0.02985, "ENSG00000110448": 0.0579894643878, "ENSG00000125730": 0.0186475555556, "ENSG00000125538": 0.0561757655556, "ENSG00000118271": 0.0144, "ENSG00000089692": 0.029452, "ENSG00000110799": 0.014652, "ENSG00000147168": 0.1, "ENSG00000159640": 0.014184, "ENSG00000100385": 0.1, "ENSG00000203710": 0.041624, "ENSG00000091583": 0.034228, "ENSG00000078747": 0.014184, "ENSG00000119899": 0.018382, "ENSG00000197110": 0.0623744822222, "ENSG00000175164": 0.014578, "ENSG00000232810": 0.060361597619, "ENSG00000005381": 0.0357824444444, "ENSG00000144891": 0.014184, "ENSG00000169429": 0.039134, "ENSG00000112715": 0.018424, "ENSG00000100312": 0.0197, "ENSG00000149131": 0.014256, "ENSG00000113070": 0.016548, "ENSG00000162692": 0.029304, "ENSG00000042832": 0.014256, "ENSG00000130147": 0.0204605, "ENSG00000078401": 0.014652, "ENSG00000132693": 0.019496, "ENSG00000134460": 0.1, "ENSG00000105695": 0.03487, "ENSG00000132109": 0.033827, "ENSG00000117525": 0.028, "ENSG00000090534": 0.014184, "ENSG00000139193": 0.0357893422222, "ENSG00000136634": 0.01764, "ENSG00000178726": 0.014112, "ENSG00000145777": 0.0462989852608, "ENSG00000186810": 0.0206578194444, "ENSG00000142149": 0.01782, "ENSG00000079432": 0.01404, "ENSG00000205176": 0.0527461, "ENSG00000101076": 0.014504, "ENSG00000136244": 0.06259871, "ENSG00000163106": 0.014328, "ENSG00000130427": 0.014184, "ENSG00000130164": 0.0148, "ENSG00000138684": 0.006732, "ENSG00000167633": 0.006664, "ENSG00000176136": 0.016716, "ENSG00000166710": 0.017928, "ENSG00000205359": 0.014328, "ENSG00000150768": 0.014726, "ENSG00000169271": 0.014256, "ENSG00000138755": 0.0473975, "ENSG00000137860": 0.015288, "ENSG00000196126": 0.0681749804, "ENSG00000186716": 0.010088, "ENSG00000163631": 0.014328, "ENSG00000164400": 0.035024, "ENSG00000111537": 0.0494101838889, "ENSG00000120129": 0.031442, "ENSG00000137462": 0.02496, "ENSG00000177455": 0.034105, "ENSG00000106992": 0.014896, "ENSG00000171855": 0.0349935, "ENSG00000160211": 0.00597, "ENSG00000174738": 0.014112, "ENSG00000204301": 0.087353906, "ENSG00000182985": 0.02772, "ENSG00000115414": 0.0504840153691, "ENSG00000170458": 0.019206, "ENSG00000115705": 0.014972, "ENSG00000036448": 0.0340912, "ENSG00000215788": 0.035828, "ENSG00000102524": 0.04289503, "ENSG00000074800": 0.0352, "ENSG00000155636": 0.020696, "ENSG00000107562": 0.018216, "ENSG00000156738": 0.0456850192744, "ENSG00000154640": 0.0272742777778, "ENSG00000111674": 0.02194, "ENSG00000123838": 0.01592}, "subnetworks": {"0": [{"nodes": [{"name": "ENSG00000163631", "value": 0.014328}, {"name": "ENSG00000100385", "value": 0.1}, {"name": "ENSG00000196415", "value": 0.00394}, {"name": "ENSG00000203710", "value": 0.041624}, {"name": "ENSG00000139193", "value": 0.0357893422222}, {"name": "ENSG00000078747", "value": 0.014184}, {"name": "ENSG00000164400", "value": 0.035024}, {"name": "ENSG00000111537", "value": 0.0494101838889}, {"name": "ENSG00000137462", "value": 0.02496}, {"name": "ENSG00000177455", "value": 0.034105}, {"name": "ENSG00000105369", "value": 0.02786}, {"name": "ENSG00000107562", "value": 0.018216}, {"name": "ENSG00000232810", "value": 0.060361597619}, {"name": "ENSG00000136634", "value": 0.01764}, {"name": "ENSG00000108691", "value": 0.044811}, {"name": "ENSG00000144891", "value": 0.014184}, {"name": "ENSG00000186810", "value": 0.0206578194444}, {"name": "ENSG00000169248", "value": 0.0580614861111}, {"name": "ENSG00000169429", "value": 0.039134}, {"name": "ENSG00000114013", "value": 0.015366}, {"name": "ENSG00000171855", "value": 0.0349935}, {"name": "ENSG00000110799", "value": 0.014652}, {"name": "ENSG00000010610", "value": 0.028116}, {"name": "ENSG00000186716", "value": 0.010088}, {"name": "ENSG00000101076", "value": 0.014504}, {"name": "ENSG00000136244", "value": 0.06259871}, {"name": "ENSG00000174738", "value": 0.014112}, {"name": "ENSG00000156234", "value": 0.032636}, {"name": "ENSG00000115414", "value": 0.0504840153691}, {"name": "ENSG00000170458", "value": 0.019206}, {"name": "ENSG00000115705", "value": 0.014972}, {"name": "ENSG00000113525", "value": 0.02985}, {"name": "ENSG00000196126", "value": 0.0681749804}, {"name": "ENSG00000113070", "value": 0.016548}, {"name": "ENSG00000169245", "value": 0.0686298361192}, {"name": "ENSG00000162692", "value": 0.029304}, {"name": "ENSG00000145777", "value": 0.0462989852608}, {"name": "ENSG00000110448", "value": 0.0579894643878}, {"name": "ENSG00000125730", "value": 0.0186475555556}, {"name": "ENSG00000125538", "value": 0.0561757655556}, {"name": "ENSG00000197110", "value": 0.0623744822222}, {"name": "ENSG00000149131", "value": 0.014256}, {"name": "ENSG00000130427", "value": 0.014184}, {"name": "ENSG00000147168", "value": 0.1}, {"name": "ENSG00000132693", "value": 0.019496}, {"name": "ENSG00000102524", "value": 0.04289503}, {"name": "ENSG00000134460", "value": 0.1}, {"name": "ENSG00000166710", "value": 0.017928}, {"name": "ENSG00000118271", "value": 0.0144}, {"name": "ENSG00000019991", "value": 0.018424}, {"name": "ENSG00000078401", "value": 0.014652}, {"name": "ENSG00000156738", "value": 0.0456850192744}, {"name": "ENSG00000112715", "value": 0.018424}, {"name": "ENSG00000138755", "value": 0.0473975}, {"name": "ENSG00000138684", "value": 0.006732}, {"name": "ENSG00000182985", "value": 0.02772}, {"name": "ENSG00000123838", "value": 0.01592}], "edges": [{"source": "ENSG00000110799", "target": "ENSG00000163631", "categories": ["stringdb"]}, {"source": "ENSG00000115414", "target": "ENSG00000163631", "categories": ["stringdb"]}, {"source": "ENSG00000149131", "target": "ENSG00000163631", "categories": ["stringdb"]}, {"source": "ENSG00000118271", "target": "ENSG00000163631", "categories": ["stringdb"]}, {"source": "ENSG00000112715", "target": "ENSG00000163631", "categories": ["stringdb"]}, {"source": "ENSG00000100385", "target": "ENSG00000164400", "categories": ["stringdb"]}, {"source": "ENSG00000100385", "target": "ENSG00000111537", "categories": ["stringdb"]}, {"source": "ENSG00000100385", "target": "ENSG00000136634", "categories": ["stringdb"]}, {"source": "ENSG00000100385", "target": "ENSG00000171855", "categories": ["stringdb"]}, {"source": "ENSG00000100385", "target": "ENSG00000136244", "categories": ["stringdb"]}, {"source": "ENSG00000100385", "target": "ENSG00000115705", "categories": ["stringdb"]}, {"source": "ENSG00000100385", "target": "ENSG00000113525", "categories": ["stringdb"]}, {"source": "ENSG00000100385", "target": "ENSG00000145777", "categories": ["stringdb"]}, {"source": "ENSG00000100385", "target": "ENSG00000197110", "categories": ["stringdb"]}, {"source": "ENSG00000100385", "target": "ENSG00000130427", "categories": ["stringdb"]}, {"source": "ENSG00000100385", "target": "ENSG00000147168", "categories": ["stringdb"]}, {"source": "ENSG00000100385", "target": "ENSG00000134460", "categories": ["stringdb"]}, {"source": "ENSG00000100385", "target": "ENSG00000166710", "categories": ["stringdb"]}, {"source": "ENSG00000100385", "target": "ENSG00000138684", "categories": ["stringdb"]}, {"source": "ENSG00000196415", "target": "ENSG00000232810", "categories": ["stringdb"]}, {"source": "ENSG00000125538", "target": "ENSG00000196415", "categories": ["stringdb"]}, {"source": "ENSG00000125730", "target": "ENSG00000203710", "categories": ["stringdb"]}, {"source": "ENSG00000110448", "target": "ENSG00000139193", "categories": ["stringdb"]}, {"source": "ENSG00000078747", "target": "ENSG00000107562", "categories": ["stringdb"]}, {"source": "ENSG00000113525", "target": "ENSG00000164400",