{"gene2heat": {"ENSG00000254550": 0.0295542222222, "ENSG00000196415": 0.014652, "ENSG00000102265": 0.019503, "ENSG00000027697": 0.2, "ENSG00000015413": 0.01782, "ENSG00000123146": 0.016548, "ENSG00000136869": 0.016072, "ENSG00000117984": 0.014726, "ENSG00000091831": 0.0159135, "ENSG00000006210": 0.030646, "ENSG00000010610": 0.00888577777778, "ENSG00000137077": 0.0856, "ENSG00000117601": 0.014256, "ENSG00000173432": 0.032424, "ENSG00000105664": 0.01404, "ENSG00000164344": 0.014328, "ENSG00000113520": 0.0220860555556, "ENSG00000125538": 0.042934, "ENSG00000136810": 0.015048, "ENSG00000018280": 0.0368, "ENSG00000164136": 0.017336, "ENSG00000143162": 0.0144, "ENSG00000203710": 0.041184, "ENSG00000100380": 0.01164, "ENSG00000170890": 0.016154, "ENSG00000073756": 0.0148, "ENSG00000232810": 0.216226407859, "ENSG00000148154": 0.0148, "ENSG00000169429": 0.01962, "ENSG00000112715": 0.016154, "ENSG00000174775": 0.014726, "ENSG00000126337": 0.014504, "ENSG00000140465": 0.0608, "ENSG00000100312": 0.014896, "ENSG00000160791": 0.034162, "ENSG00000144381": 0.049092, "ENSG00000159147": 0.0144, "ENSG00000196611": 0.7046385, "ENSG00000129988": 0.0195, "ENSG00000121691": 0.014328, "ENSG00000119630": 0.01773, "ENSG00000132693": 0.0273318724641, "ENSG00000120659": 0.014578, "ENSG00000142149": 0.020656, "ENSG00000139193": 0.0164, "ENSG00000186393": 0.014504, "ENSG00000091513": 0.014208, "ENSG00000136634": 0.0519652288889, "ENSG00000172179": 0.014184, "ENSG00000149480": 0.014328, "ENSG00000146856": 0.01596, "ENSG00000152939": 0.0417494, "ENSG00000138744": 0.028, "ENSG00000272398": 0.020696, "ENSG00000136244": 0.050436082546, "ENSG00000169836": 0.015522, "ENSG00000159128": 0.2, "ENSG00000109471": 0.0478434255556, "ENSG00000138685": 0.016548, "ENSG00000164761": 0.015048, "ENSG00000165471": 0.039006, "ENSG00000012223": 0.0436665555556, "ENSG00000175899": 0.014208, "ENSG00000168394": 0.034626, "ENSG00000058335": 0.034532, "ENSG00000120054": 0.019404, "ENSG00000187554": 0.015366, "ENSG00000257017": 0.014208, "ENSG00000197632": 0.014896, "ENSG00000081237": 0.031641, "ENSG00000112115": 0.0430490111111, "ENSG00000196923": 0.015124, "ENSG00000169397": 0.015288, "ENSG00000143839": 0.034056, "ENSG00000022267": 0.015048, "ENSG00000111537": 0.0689471271807, "ENSG00000137462": 0.028, "ENSG00000163430": 0.04107, "ENSG00000183258": 0.0297, "ENSG00000005381": 0.015444, "ENSG00000134539": 0.036616, "ENSG00000171855": 0.037036, "ENSG00000104432": 0.017572, "ENSG00000113889": 0.029054, "ENSG00000115415": 0.019404, "ENSG00000196839": 0.037588, "ENSG00000215788": 0.014328, "ENSG00000138336": 0.014652, "ENSG00000087245": 0.01576, "ENSG00000100985": 0.01576, "ENSG00000137673": 0.7, "ENSG00000118113": 0.710927, "ENSG00000155636": 0.044576, "ENSG00000204390": 0.03564, "ENSG00000164399": 0.013968, "ENSG00000197249": 0.0316075, "ENSG00000150782": 0.01867, "ENSG00000154640": 0.0196, "ENSG00000090382": 0.014652, "ENSG00000137745": 0.7, "ENSG00000149968": 0.018456}, "subnetworks": {"0": [{"nodes": [{"name": "ENSG00000171855", "value": 0.037036}, {"name": "ENSG00000196415", "value": 0.014652}, {"name": "ENSG00000102265", "value": 0.019503}, {"name": "ENSG00000027697", "value": 0.2}, {"name": "ENSG00000164344", "value": 0.014328}, {"name": "ENSG00000165471", "value": 0.039006}, {"name": "ENSG00000123146", "value": 0.016548}, {"name": "ENSG00000136869", "value": 0.016072}, {"name": "ENSG00000136634", "value": 0.0519652288889}, {"name": "ENSG00000117984", "value": 0.014726}, {"name": "ENSG00000136810", "value": 0.015048}, {"name": "ENSG00000121691", "value": 0.014328}, {"name": "ENSG00000091831", "value": 0.0159135}, {"name": "ENSG00000010610", "value": 0.00888577777778}, {"name": "ENSG00000137077", "value": 0.0856}, {"name": "ENSG00000136244", "value": 0.050436082546}, {"name": "ENSG00000173432", "value": 0.032424}, {"name": "ENSG00000105664", "value": 0.01404}, {"name": "ENSG00000159128", "value": 0.2}, {"name": "ENSG00000113520", "value": 0.0220860555556}, {"name": "ENSG00000138685", "value": 0.016548}, {"name": "ENSG00000164761", "value": 0.015048}, {"name": "ENSG00000125538", "value": 0.042934}, {"name": "ENSG00000204390", "value": 0.03564}, {"name": "ENSG00000012223", "value": 0.0436665555556}, {"name": "ENSG00000175899", "value": 0.014208}, {"name": "ENSG00000117601", "value": 0.014256}, {"name": "ENSG00000168394", "value": 0.034626}, {"name": "ENSG00000018280", "value": 0.0368}, {"name": "ENSG00000058335", "value": 0.034532}, {"name": "ENSG00000132693", "value": 0.0273318724641}, {"name": "ENSG00000164136", "value": 0.017336}, {"name": "ENSG00000187554", "value": 0.015366}, {"name": "ENSG00000257017", "value": 0.014208}, {"name": "ENSG00000143162", "value": 0.0144}, {"name": "ENSG00000081237", "value": 0.031641}, {"name": "ENSG00000120659", "value": 0.014578}, {"name": "ENSG00000203710", "value": 0.041184}, {"name": "ENSG00000100380", "value": 0.01164}, {"name": "ENSG00000143839", "value": 0.034056}, {"name": "ENSG00000022267", "value": 0.015048}, {"name": "ENSG00000111537", "value": 0.0689471271807}, {"name": "ENSG00000137462", "value": 0.028}, {"name": "ENSG00000232810", "value": 0.216226407859}, {"name": "ENSG00000005381", "value": 0.015444}, {"name": "ENSG00000163430", "value": 0.04107}, {"name": "ENSG00000134539", "value": 0.036616}, {"name": "ENSG00000112715", "value": 0.016154}, {"name": "ENSG00000174775", "value": 0.014726}, {"name": "ENSG00000100312", "value": 0.014896}, {"name": "ENSG00000160791", "value": 0.034162}, {"name": "ENSG00000144381", "value": 0.049092}, {"name": "ENSG00000104432", "value": 0.017572}, {"name": "ENSG00000113889", "value": 0.029054}, {"name": "ENSG00000115415", "value": 0.019404}, {"name": "ENSG00000215788", "value": 0.014328}, {"name": "ENSG00000196611", "value": 0.7046385}, {"name": "ENSG00000087245", "value": 0.01576}, {"name": "ENSG00000129988", "value": 0.0195}, {"name": "ENSG00000100985", "value": 0.01576}, {"name": "ENSG00000137673", "value": 0.7}, {"name": "ENSG00000118113", "value": 0.710927}, {"name": "ENSG00000109471", "value": 0.0478434255556}, {"name": "ENSG00000119630", "value": 0.01773}, {"name": "ENSG00000164399", "value": 0.013968}, {"name": "ENSG00000091513", "value": 0.014208}, {"name": "ENSG00000169429", "value": 0.01962}, {"name": "ENSG00000197249", "value": 0.0316075}, {"name": "ENSG00000150782", "value": 0.01867}, {"name": "ENSG00000090382", "value": 0.014652}, {"name": "ENSG00000137745", "value": 0.7}, {"name": "ENSG00000149968", "value": 0.018456}], "edges": [{"source": "ENSG00000150782", "target": "ENSG00000196415", "categories": ["omnipath"]}, {"source": "ENSG00000102265", "target": "ENSG00000196611", "categories": ["omnipath"]}, {"source": "ENSG00000087245", "target": "ENSG00000102265", "categories": ["omnipath"]}, {"source": "ENSG00000100985", "target": "ENSG00000102265", "categories": ["omnipath"]}, {"source": "ENSG00000102265", "target": "ENSG00000149968", "categories": ["omnipath"]}, {"source": "ENSG00000027697", "target": "ENSG00000159128", "categories": ["omnipath"]}, {"source": "ENSG00000027697", "target": "ENSG00000111537", "categories": ["omnipath"]}, {"source": "ENSG00000027697", "target": "ENSG00000115415", "categories": ["omnipath"]}, {"source": "ENSG00000113889", "target": "ENSG00000164344", "categories": ["omnipath"]}, {"source": "ENSG00000136869", "target": "ENSG00000165471", "categories": ["omnipath"]}, {"source": "ENSG00000136869", "target": "ENSG00000187554", "categories": ["omnipath"]}, {"source": "ENSG00000136634", "target": "ENSG00000175899", "categories": ["omnipath"]}, {"source": "ENSG00000091831", "target": "ENSG00000117984", "categories": ["omnipath"]}, {"source": "ENSG00000010610", "target": "ENSG00000117984", "categories": ["omnipath"]}, {"source": "ENSG00000117984", "target": "ENSG00000137077", "categories": ["omnipath"]}, {"source": "ENSG00000091831", "target": "ENSG00000136810", "categories": ["omnipath"]}, {"source": "ENSG00000022267", "target": "ENSG00000091831",